title,author,published_year
Coach big opportunity growth,Robert Lopez,1978
Behavior current maintain trial,Adam Turner,1951
Describe likely wear national,David Lewis,1989
Around certainly early,Brian Hawkins,2008
Civil fast he approach,Jessica Sullivan,2018
Tree floor pick the learn,Rodney Brown,1979
Air sit after painting,Brett Newton,2008
Later organization at drive,Martha Austin,2019
Face attention join,John Green,1969
Point reason stock wait possible,Gregory Green,2016
Data next management because,Dustin Miller,1974
General evidence how boy,Aaron Greene,1987
Over tonight positive late big,Sara Walker,1982
Well pattern night,James Stone,2020
Third wife word relate shoulder,David Thomas,1991
Day must forward certainly,Juan Medina,1962
Run this,Benjamin Lopez,1967
Never agreement,Gordon Howell,1988
Cell study walk office to,Carlos Vaughn,1971
Sort blood teacher city sound,Sarah Hanna,2020
Leader else goal expert,Jason Jimenez,1964
For open,Robert Ramirez,2002
Writer six organization,Sarah Williams,1996
Impact evidence choice right,Nicholas Wagner,2009
May police together morning,Melissa Graham,2022
Family consider another manage top,Noah Walls,1994
Although play,Emily Walker,1989
System reduce result science,Angela Brown,1951
Few record important,Eric Gibbs,1962
Trade bar but start,Tyler Brown,2003
Effort something seven among test,John Clark,2005
Attack important,James Middleton,1966
Wide eat economic,Taylor Robertson,1957
Answer road,Troy Zavala,1993
Right society try store,Nancy Sparks,2006
Know born,Patrick Banks,1972
Prevent major society,Leonard Burns,2005
Run describe,Kimberly Guzman,2013
Believe student even cost,John Allen,1989
Account I into plant,Tracy Reynolds,2010
Law very matter structure south,Tracy Rodriguez,1977
Hour go near here,Dr. Lindsey Roberts DDS,2014
Appear carry million professor life,Patrick Reed,2009
Claim chance,Anne Burns,2000
Old old loss act off,Thomas Moyer,1973
War herself try,Randy Stewart,1992
Walk hundred unit girl,Matthew Scott,1972
Thank history,Gregory Rasmussen,2008
Down little know peace,Dr. Emily King,1967
Serve could source,Christopher Berry,1989
Difference child including then,Alyssa Hernandez,2016
See coach share tax organization,Tiffany Farrell,1972
Look card then note certainly,Christine Green,1984
Long brother brother,Joann Potter,1951
Action Mrs,Mark Cummings,1964
There real also,Ronald Huff,1976
Include teach,Mrs. Courtney Collins,1981
City method,Rebecca Mcintyre,1964
Option matter letter present,Michael Mahoney,1965
General charge manage care tough,Ariana Griffin,1983
Debate minute office effort choose,Michael Gentry,2001
Act local during gun thank,Shawn Dyer,1986
Value include voice activity score,Susan Lopez,1996
Art see teach upon protect,David Wang,2006
Front name form,Lisa Johnson,1999
Behind pick,Mr. Michael Flores,1953
Skin rule realize wide hold,Susan Hawkins,1983
Especially option assume,Maxwell Warner,1989
Television American television director,Michael Jones,1973
Quite hair season we business,Carla Mitchell,1955
Fall concern,Mrs. Kelly Adkins,1961
Possible at south,Cynthia Molina,1973
Save its show democratic,Vincent Spencer,1963
Baby cost movie college,Christopher Sanford,2007
Build make reduce authority,Deborah Warren,1959
She require current answer,Deborah Sanders,1984
Increase once itself,Melissa Mills,1962
Kind its each,William Jordan,1994
Character anything stock focus million,Brittany Wright,2021
Throw police,James Kirk,1967
Enter million manage issue grow,Amy Evans,2000
Size least explain call,April Moreno,1993
Leave provide community common trip,Sergio Murphy,1978
Thought weight marriage large,Ryan Mclaughlin,1958
According around friend detail,Ms. Michelle Fisher,1984
Do sea policy exactly,Allison Cline,1997
Over myself nearly,Tammy Hurst,1967
Method entire place time,Xavier Rowe,1974
Grow down think green personal,Brandon Lamb,2006
Section crime identify despite,Joshua Romero,2017
Professor voice bag figure,Karen Tran,1997
Low Mr,David Morales,2008
Worker city,Michael Knight,2016
Need later,Lori Green,1969
Others capital effect teach seem,Stephen Miller,2004
Avoid son model,Elizabeth Frazier,2018
By several,Robert Rogers,2011
The western news positive suddenly,Barry Brown,1951
Experience yourself know,Kathryn Martinez,2009
Determine future left increase,Nicholas Ruiz,1999
